name, version, nodes, throughput, goodput, mean, sd, rec, sent, batch_size, msg_size
batch_sizes_6_0_1_4_600, 4, 4, 1, 1.000000, 0.688113, 0.101564, 20, 20, 600, 1
batch_sizes_6_1_4000_4_1000, 4, 4, 4000, 50.000000, 33.496552, 0.064801, 1000, 80000, 1000, 1
batch_sizes_6_2_1600_4_99999999, 4, 4, 1600, 24.750000, 23.963332, 0.094713, 495, 32000, 99999999, 1
batch_sizes_6_3_4000_4_100, 4, 4, 4000, 0.000000, -nan, -nan, 0, 80000, 100, 1
batch_sizes_6_4_1200_4_100, 4, 4, 1200, 175.000000, 24.218252, 4.466986, 3500, 24000, 100, 1
batch_sizes_6_5_200_4_600, 4, 4, 200, 200.000000, 0.792948, 0.318572, 4000, 4000, 600, 1
batch_sizes_6_6_1400_4_300, 4, 4, 1400, 315.048611, 20.053896, 5.439922, 7200, 28000, 300, 1
